-- job_title
insert into job_title(id, name) values(1, 'Mason');
insert into job_title(id, name) values(2, 'Carpenter');
insert into job_title(id, name) values(3, 'Driver');

-- headhunter
insert into headhunter(id, name) values(1, 'Wilson');
insert into headhunter(id, name) values(2, 'Simon');
insert into headhunter(id, name) values(3, 'Joan');
insert into headhunter(id, name) values(4, 'David');
insert into headhunter(id, name) values(5, 'Vincent');

-- candidate
insert into candidate(id, name, headhunterid, jobtitleid, recruited) values(1, 'Arnold', 1, 1, true);
insert into candidate(id, name, headhunterid, jobtitleid, recruited) values(2, 'Thomson', 1, 1, true);
insert into candidate(id, name, headhunterid, jobtitleid, recruited) values(3, 'Jane', 1, 1, true);
insert into candidate(id, name, headhunterid, jobtitleid, recruited) values(4, 'Nash', 1, 1, true);
insert into candidate(id, name, headhunterid, jobtitleid, recruited) values(5, 'Alison', 1, 1, false);
insert into candidate(id, name, headhunterid, jobtitleid, recruited) values(6, 'Elizabeth', 1, 2, false);
insert into candidate(id, name, headhunterid, jobtitleid, recruited) values(7, 'Kevin', 1, 2, false);
insert into candidate(id, name, headhunterid, jobtitleid, recruited) values(8, 'John', 1, 2, true);
insert into candidate(id, name, headhunterid, jobtitleid, recruited) values(9, 'Murray', 1, 2, true);
insert into candidate(id, name, headhunterid, jobtitleid, recruited) values(10, 'Isaac', 1, 2, false);
insert into candidate(id, name, headhunterid, jobtitleid, recruited) values(11, 'Trevor', 1, 1, true);
insert into candidate(id, name, headhunterid, jobtitleid, recruited) values(12, 'William', 1, 1, true);
insert into candidate(id, name, headhunterid, jobtitleid, recruited) values(13, 'Alan', 1, 1, true);
insert into candidate(id, name, headhunterid, jobtitleid, recruited) values(14, 'Thomas', 1, 1, false);
insert into candidate(id, name, headhunterid, jobtitleid, recruited) values(15, 'Victoria', 1, 1, false);

insert into candidate(id, name, headhunterid, jobtitleid, recruited) values(16, 'Anthony', 2, 2, true);
insert into candidate(id, name, headhunterid, jobtitleid, recruited) values(17, 'Neil', 2, 2, true);
insert into candidate(id, name, headhunterid, jobtitleid, recruited) values(18, 'Ian', 2, 2, true);
insert into candidate(id, name, headhunterid, jobtitleid, recruited) values(19, 'Andrew', 2, 2, false);
insert into candidate(id, name, headhunterid, jobtitleid, recruited) values(20, 'Leonard', 2, 2, false);
insert into candidate(id, name, headhunterid, jobtitleid, recruited) values(21, 'Adrian', 2, 1, true);
insert into candidate(id, name, headhunterid, jobtitleid, recruited) values(22, 'Mackenzie', 2, 1, true);
insert into candidate(id, name, headhunterid, jobtitleid, recruited) values(23, 'Smith', 2, 1, true);
insert into candidate(id, name, headhunterid, jobtitleid, recruited) values(24, 'Jason', 2, 1, false);
insert into candidate(id, name, headhunterid, jobtitleid, recruited) values(25, 'Sam', 2, 1, true);
insert into candidate(id, name, headhunterid, jobtitleid, recruited) values(26, 'Mitchell', 2, 2, false);
insert into candidate(id, name, headhunterid, jobtitleid, recruited) values(27, 'Evan', 2, 2, true);
insert into candidate(id, name, headhunterid, jobtitleid, recruited) values(28, 'Fraser', 2, 2, false);
insert into candidate(id, name, headhunterid, jobtitleid, recruited) values(29, 'Mary', 2, 2, true);
insert into candidate(id, name, headhunterid, jobtitleid, recruited) values(30, 'Paterson', 2, 2, true);

insert into candidate(id, name, headhunterid, jobtitleid, recruited) values(31, 'Churchill', 3, 1, false);
insert into candidate(id, name, headhunterid, jobtitleid, recruited) values(32, 'Adam', 3, 1, false);
insert into candidate(id, name, headhunterid, jobtitleid, recruited) values(33, 'Claire', 3, 1, true);
insert into candidate(id, name, headhunterid, jobtitleid, recruited) values(34, 'Fiona', 3, 1, false);
insert into candidate(id, name, headhunterid, jobtitleid, recruited) values(35, 'Hudson', 3, 1, true);
insert into candidate(id, name, headhunterid, jobtitleid, recruited) values(36, 'Joe', 3, 2, false);
insert into candidate(id, name, headhunterid, jobtitleid, recruited) values(37, 'Rebecca', 3, 2, true);
insert into candidate(id, name, headhunterid, jobtitleid, recruited) values(38, 'Edward', 3, 2, false);
insert into candidate(id, name, headhunterid, jobtitleid, recruited) values(39, 'Emma', 3, 2, true);
insert into candidate(id, name, headhunterid, jobtitleid, recruited) values(40, 'Cameron', 3, 2, false);
insert into candidate(id, name, headhunterid, jobtitleid, recruited) values(41, 'Gill', 3, 1, true);
insert into candidate(id, name, headhunterid, jobtitleid, recruited) values(42, 'Abraham', 3, 1, false);
insert into candidate(id, name, headhunterid, jobtitleid, recruited) values(43, 'Jacob', 3, 1, true);
insert into candidate(id, name, headhunterid, jobtitleid, recruited) values(44, 'Nicola', 3, 1, false);
insert into candidate(id, name, headhunterid, jobtitleid, recruited) values(45, 'Keith', 3, 1, true);